{
  "num_simulations": 10000,
  "starting_capital": 20000,
  "percentiles": {
    "1": 60637.76552653414,
    "5": 62766.32104115663,
    "10": 63976.42308410317,
    "25": 65975.13374881152,
    "50": 68184.01578073592,
    "75": 70366.42160144067,
    "90": 72265.94250778238,
    "95": 73436.63697933881,
    "99": 75727.93358403012
  },
  "probabilities": {
    "profit": 100.0,
    "double": 100.0,
    "triple": 99.42,
    "loss": 0.0,
    "ruin": 0.0
  },
  "drawdown": {
    "mean": 570.739229258063,
    "median": 546.4385370294076,
    "p95": 826.8284925531333,
    "worst": 1522.8450300417644
  },
  "backtest_comparison": {
    "backtest_balance": 67967.94941319847,
    "percentile_rank": 47.199999999999996
  }
}